model,vocab_size_combined,execution_time,accuracy_avg,accuracy_std,precision_avg,precision_std,recall_avg,recall_std,f1_avg,f1_std,roc_auc_avg,roc_auc_std,total_time
LogisticRegression,16051,1.117250680923462,0.8076739735560194,0.011110706640958305,0.8682656685002286,0.026088554268839416,0.7259693165969316,0.012530289277073095,0.790436458026139,0.009890664754778762,0.8903044659460717,0.017422879051105553,340.8410966396332
BernoulliNB,16051,0.08725094795227051,0.7175600208768268,0.026693071401280202,0.6542627221079321,0.02409765789922179,0.9248012552301255,0.01186610149180888,0.7661268356882925,0.01810586471386334,0.8762628428637843,0.017533975552010434,340.8410966396332
MultinomialNB,16051,0.07245850563049316,0.7842980167014615,0.020793223854955228,0.773748390543832,0.02324278353762696,0.8036192468619247,0.027830719707212452,0.7881144644631111,0.020575940513702363,0.865542828916783,0.016886651625097313,340.8410966396332
LinearSVC,16051,0.35945630073547363,0.8206071677105079,0.016546032155778,0.8547826942782171,0.026274104806565703,0.7727475592747559,0.01287402665958855,0.8115200792747629,0.01582477702238989,0.8997355880985589,0.02163074844567366,340.8410966396332
KNeighborsClassifier,16051,7.0338523387908936,0.7438509046624914,0.012650393068873096,0.7965582189019402,0.02235271304700818,0.6549721059972106,0.008111154124976525,0.7187070282328311,0.01098843109995205,0.8107350505578801,0.019835217168635625,340.8410966396332
SGDClassifier,16051,0.19847726821899414,0.8097555671537926,0.02280141090728738,0.830576420468509,0.042262934264636,0.7811018131101812,0.01953450443646053,0.8042967044229774,0.019584947441126096,0.8913105968154348,0.021487271556178692,340.8410966396332
RandomForestClassifier,16051,35.29954957962036,0.8172651356993736,0.0076833218494581105,0.8640167834234953,0.02050592587289753,0.7535320781032079,0.021814982780147534,0.8045425650627143,0.009186224647525637,0.9075923044514178,0.013029174246808502,340.8410966396332
GradientBoostingClassifier,16051,107.87750625610352,0.8414709464161447,0.005368264104838267,0.9139936894750134,0.00951179864139657,0.7535564853556485,0.007728333185307959,0.8260091458789478,0.005781142977085208,0.9163191538819154,0.008150005207012506,340.8410966396332
MLPClassifier,16051,165.8698375225067,0.795990779401531,0.016910911654216546,0.8057927822518607,0.017949593369823175,0.7794246861924685,0.02044392787408873,0.7923064689846419,0.01754977791518968,0.8848239917480241,0.020321402991666536,340.8410966396332
