model,vocab_size,accuracy_avg,accuracy_std,precision_avg,precision_std,recall_avg,recall_std,f1_avg,f1_std,roc_auc_avg,roc_auc_std
LogisticRegression,10924,0.8670833333333334,0.003584302194601082,0.8847953757700446,0.005221025682854135,0.8441666666666666,0.011365151414154884,0.8639338912341111,0.004519114589090604,0.9331319444444445,0.006780518358152788
BernoulliNB,10924,0.7708333333333333,0.01564581946293215,0.7079677094851816,0.013978148500337736,0.9225,0.016158932858054417,0.8010437353032384,0.01287893332846437,0.9029097222222223,0.012692340612501898
MultinomialNB,10924,0.8212499999999998,0.009166666666666682,0.7772364398412919,0.008684391265879225,0.9008333333333333,0.01852175897574407,0.8343690317261501,0.009334504120885559,0.9133125,0.0058632602859293075
LinearSVC,10924,0.8583333333333334,0.007569125885243745,0.8740747869525138,0.01251614458637051,0.8375,0.00263523138347364,0.8553599777986461,0.00681007400546684,0.9260972222222223,0.009899764082876123
KNeighborsClassifier,10924,0.6675000000000001,0.021351879958864933,0.8157329567695116,0.054304972352410726,0.4408333333333333,0.07529571332051012,0.5661820275871714,0.054649413468609236,0.7635156249999999,0.02179524772400386
SGDClassifier,10924,0.8474999999999999,0.010069204977995442,0.8564651980910272,0.019285231812455846,0.8358333333333332,0.0205142227084853,0.8456799800964709,0.010004676301242101,0.9209131944444444,0.009546007220719277
RandomForestClassifier,10924,0.85,0.013043729868748764,0.877078802837465,0.024639867912582915,0.8150000000000001,0.012527746981977419,0.8446589218120704,0.01219719500619136,0.9264357638888889,0.0049531849389799106
GradientBoostingClassifier,10924,0.8741666666666668,0.014648663192705793,0.9481103985160046,0.010090183145694516,0.7916666666666666,0.026744677559802036,0.8626307428500912,0.017665210905735872,0.9442604166666667,0.00838223750695905
MLPClassifier,10924,0.8412499999999999,0.026562295750848713,0.8441172732367548,0.03784916680736636,0.8391666666666667,0.02306392083849677,0.8411927148207299,0.024762739743641633,0.9066493055555556,0.01914801956243988
