model,vocab_size_text,execution_time,accuracy_avg,accuracy_std,precision_avg,precision_std,recall_avg,recall_std,f1_avg,f1_std,roc_auc_avg,roc_auc_std,total_time
LogisticRegression,59125,1.8946201801300049,0.8416666666666666,0.009316949906249126,0.8554898297668784,0.013958655689788789,0.8225,0.010069204977995478,0.8385947668120947,0.009031237501715899,0.9206770833333333,0.005897229827414424,1055.1209082603455
BernoulliNB,59125,0.1565260887145996,0.7033333333333334,0.00870025542409214,0.6363155644683218,0.005453507609915213,0.9491666666666667,0.017559422921421212,0.7618246998787997,0.00809063871050298,0.8921666666666667,0.013400553032108744,1055.1209082603455
MultinomialNB,59125,0.0968160629272461,0.8112499999999999,0.011606990230986753,0.7715385130747907,0.014735114914749449,0.8850000000000001,0.01594260539142415,0.8242314759655377,0.010275735606598606,0.8982083333333334,0.007755707152888064,1055.1209082603455
LinearSVC,59125,6.348882436752319,0.8470833333333333,0.006795627679291724,0.873569224132902,0.007660632102372713,0.8116666666666668,0.00889756521002606,0.8414591549509673,0.00722152239537437,0.9201562500000001,0.006962294766685045,1055.1209082603455
KNeighborsClassifier,59125,1.457442283630371,0.6204166666666667,0.03757862128628161,0.750770972575484,0.07313946089436492,0.3883333333333333,0.17871843155583528,0.48485178923760197,0.11297115079448201,0.6792795138888887,0.0392340065960918,1055.1209082603455
SGDClassifier,59125,0.09197330474853516,0.8408333333333333,0.010752906583803288,0.8667577968568851,0.015988670844953954,0.8058333333333334,0.01307032261779847,0.8350730784986716,0.010708826713953047,0.9101059027777779,0.004301988749969084,1055.1209082603455
RandomForestClassifier,59125,78.66592216491699,0.8216666666666667,0.018474832731162818,0.8243267101624694,0.032100539854527085,0.82,0.012472191289246475,0.8216590172393985,0.014213639527003327,0.9084756944444446,0.011957327868992701,1055.1209082603455
GradientBoostingClassifier,59125,304.2022635936737,0.8566666666666667,0.015556795585495383,0.9477065737853051,0.014177372464462417,0.7549999999999999,0.025193694096384955,0.8402601987394605,0.018803585577109965,0.9328142361111113,0.006617360983576421,1055.1209082603455
MLPClassifier,59125,644.908162355423,0.8291666666666666,0.017726706155152188,0.836348261648776,0.03380990708923665,0.8208333333333332,0.010206207261596576,0.8280265326988807,0.01410614188671026,0.9072604166666667,0.007465111432255216,1055.1209082603455
