Modelo,Accuracy_mean,Precision_mean,Recall_mean,F1_mean,AUC_mean,Accuracy_std,Precision_std,Recall_std,F1_std,AUC_std,Vocab_size_combined,total_experiment_time_sec
LogisticRegression,0.8669999999999998,0.9015131930125511,0.8240000000000001,0.8609712740428173,0.929968888888889,0.010022197585581965,0.008350615150904189,0.015114378731672864,0.011030834806150589,0.008488203579085524,1610,2017.7381753921509
BernoulliNB,0.6426666666666666,0.6365339062097319,0.6653333333333333,0.6505059907755354,0.7429044444444444,0.016918103387266042,0.016268821468951384,0.022666666666666647,0.017537394575406796,0.016421371350683136,1610,2017.7381753921509
MultinomialNB,0.7603333333333333,0.7629029190271426,0.756,0.7593577809486172,0.8411933333333333,0.01933333333333332,0.022121491841875406,0.01704894913672587,0.018210879878870267,0.018317395900962437,1610,2017.7381753921509
LinearSVC,0.865,0.8831328164822013,0.8413333333333334,0.8616755784661813,0.9302199999999999,0.005773502691896262,0.0004737246599974986,0.013097921802925681,0.006934144387882616,0.005556499475366929,1610,2017.7381753921509
KNN,0.8083333333333333,0.8345780938292403,0.7693333333333333,0.8005021499085426,0.8771844444444445,0.007817359599705684,0.010514164242228775,0.015549205052920812,0.008952591512187294,0.008668811985189715,1610,2017.7381753921509
SGDClassifier,0.8336666666666666,0.8242438082626004,0.8493333333333333,0.8362504947573466,0.8940800000000001,0.0092736184954957,0.019120815087329754,0.018903262505010426,0.008158463341572194,0.007876363765903607,1610,2017.7381753921509
RandomForest,0.784,0.7927518120838561,0.77,0.7809365809694158,0.8745966666666668,0.016485684025171008,0.02225400300501852,0.020976176963403054,0.01614394041521372,0.011660028587729389,1610,2017.7381753921509
GradientBoosting,0.8373333333333333,0.8504461221916285,0.8186666666666668,0.8341163610289779,0.9230488888888889,0.01396821789317133,0.01214446380256215,0.0230554886210541,0.015487800348742939,0.00679241988552198,1610,2017.7381753921509
MLP,0.853,0.8564614652487654,0.8480000000000001,0.8521505204713625,0.9247877777777778,0.018808981306221204,0.016113315377989195,0.024908722256359206,0.019846328661103696,0.010795178622027597,1610,2017.7381753921509
