Modelo,Accuracy_mean,Precision_mean,Recall_mean,F1_mean,AUC_mean,Accuracy_std,Precision_std,Recall_std,F1_std,AUC_std,Vocab_size,tempo_total_segundos
LogisticRegression,0.8816666666666666,0.8925702392742952,0.868,0.8798482234439791,0.9419844444444445,0.013207741837439271,0.011716294137191005,0.02712931993250107,0.014705110715881993,0.01131230860284174,1610,464.515216588974
BernoulliNB,0.7780000000000001,0.8407255183473209,0.6866666666666666,0.7554335313620656,0.8552622222222223,0.02096027989634999,0.027766086041353506,0.0329309040939426,0.02506891843763362,0.01886929127143936,1610,464.515216588974
MultinomialNB,0.7936666666666666,0.8467177384372331,0.7173333333333334,0.7763004505155562,0.8937022222222222,0.026276309566688482,0.02903074443204704,0.037676989735852796,0.03072277638535885,0.016106501486153245,1610,464.515216588974
LinearSVC,0.8636666666666667,0.8685054989103517,0.8573333333333334,0.8627666201816584,0.9337,0.016512621435334468,0.01805590235629618,0.02069889959501339,0.016671560232651376,0.013380492526320334,1610,464.515216588974
KNN,0.8283333333333334,0.8713411659375536,0.7700000000000001,0.8174519534545002,0.8942888888888888,0.022852182001336815,0.01866038360360253,0.031832897030168866,0.02608062445016254,0.016263842347404685,1610,464.515216588974
SGDClassifier,0.8433333333333334,0.8251669273565838,0.8779999999999999,0.8486962105996358,0.908291111111111,0.020330600909302547,0.04686848202339122,0.04364503280888775,0.017070364907515182,0.01426052550414325,1610,464.515216588974
RandomForest,0.8303333333333335,0.8356277291895745,0.8226666666666667,0.8289915322919994,0.9159788888888889,0.0188089813062212,0.020051351255826334,0.022251092357704855,0.019131623042264383,0.013247273840210712,1610,464.515216588974
GradientBoosting,0.8653333333333334,0.8702172940674732,0.8593333333333334,0.8646527914302332,0.9406377777777777,0.016977108770995786,0.023859148946451893,0.009977753031397193,0.015949918496005504,0.008843594599036006,1610,464.515216588974
MLP,0.874,0.8848100242560051,0.8600000000000001,0.8721993924212098,0.9365688888888888,0.009104333522498427,0.009749392740849851,0.01135292424395093,0.009351261826698296,0.0056546993457971245,1610,464.515216588974
