Modelo,Accuracy_mean,Precision_mean,Recall_mean,F1_mean,AUC_mean,Accuracy_std,Precision_std,Recall_std,F1_std,AUC_std,Tempo_total_seg
LogisticRegression,0.7966666666666666,0.787456843517252,0.8126666666666665,0.7998183056903314,0.8808533333333333,0.009888264649460885,0.008135512146809576,0.015405626677721777,0.010598268273137106,0.006310913142434963,3.160102367401123
BernoulliNB,0.7436666666666667,0.7243590641402723,0.7873333333333334,0.7543590745304656,0.8226122222222223,0.010456258094238745,0.012917488227836593,0.01806162291219207,0.01015121534032893,0.008551168716599644,0.38743090629577637
MultinomialNB,0.734,0.7098755056830716,0.792,0.7486187687771225,0.8202,0.012675435561221035,0.014049691858496353,0.011850925889754116,0.010947937998069358,0.010501158078405182,0.17305922508239746
LinearSVC,0.7913333333333334,0.781106582380283,0.8093333333333333,0.7949027446663115,0.8743422222222221,0.013391539617733787,0.009177761457420802,0.021949436844205774,0.01482066698512693,0.009132628791425566,1.9557206630706787
KNN,0.7176666666666668,0.6621579999499991,0.8886666666666667,0.7588250743563094,0.7978144444444444,0.011234866364235147,0.007203368696785821,0.01939071942966531,0.011043188538235585,0.0087569496916012,0.8379147052764893
SGDClassifier,0.7366666666666666,0.7883424621572025,0.7366666666666667,0.719412765342225,0.8802044444444445,0.02681210340292028,0.12264360479769268,0.2272052425060263,0.08645155330647808,0.007815105980182308,0.920757532119751
RandomForest,0.76,0.7625298104246268,0.756,0.7589639922864677,0.846948888888889,0.006411794687223774,0.012951738199976743,0.019595917942265454,0.0074211360175333195,0.0056541576530400785,63.93020582199097
GradientBoosting,0.7816666666666666,0.7735438572057698,0.7973333333333333,0.7849821790474859,0.8646577777777777,0.009006170724070879,0.014414323527005215,0.02026491220476088,0.009227133444868457,0.0077762042852807895,763.1401991844177
MLP,0.7763333333333333,0.7848837967767592,0.7613333333333332,0.7727855565431145,0.8621855555555555,0.012174654911833132,0.010088715630008573,0.022764494771951832,0.014504351327077749,0.01038783571607667,111.42030048370361
