experiment,model,execution_time,test_accuracy,test_precision,test_recall,test_f1,test_roc_auc,cv_accuracy_avg,cv_accuracy_std,cv_precision_avg,cv_precision_std,cv_recall_avg,cv_recall_std,cv_f1_avg,cv_f1_std,cv_roc_auc_avg,cv_roc_auc_std,total_experiment_time
ml-tfidf-uni_gram-processed,LogisticRegression,0.7701661586761475,0.8816666666666667,0.9490196078431372,0.8066666666666666,0.872072072072072,0.9508444444444445,0.8670833333333334,0.0098952850725316,0.9344130324798412,0.019281331463753985,0.79,0.011960583412006103,0.8560081976276726,0.010132540068825515,0.9367395833333333,0.0031238500970777105,423.4045443534851
ml-tfidf-uni_gram-processed,BernoulliNB,0.08338403701782227,0.8083333333333333,0.7506775067750677,0.9233333333333333,0.828101644245142,0.9301888888888891,0.805,0.016955824957813188,0.7472281900322058,0.02044020247420732,0.9233333333333335,0.011666666666666672,0.8257932112715937,0.012792763132234881,0.9244826388888889,0.007527257246763354,423.4045443534851
ml-tfidf-uni_gram-processed,MultinomialNB,0.06349802017211914,0.8633333333333333,0.8609271523178808,0.8666666666666667,0.8637873754152824,0.9336222222222222,0.8508333333333333,0.009556120784316422,0.8344658311129096,0.01556799493592536,0.8758333333333332,0.00927960727138338,0.8545267551727271,0.008177431849355122,0.9263541666666667,0.0037748182085652693,423.4045443534851
ml-tfidf-uni_gram-processed,LinearSVC,0.5323069095611572,0.88,0.9418604651162791,0.81,0.8709677419354839,0.9543222222222222,0.8783333333333333,0.017159383568311683,0.9255102861375317,0.023904128073160197,0.8233333333333335,0.020172864061516985,0.8712578163741254,0.01790121251861022,0.9462048611111111,0.005261323033394607,423.4045443534851
ml-tfidf-uni_gram-processed,KNeighborsClassifier,7.1272828578948975,0.85,0.9069767441860465,0.78,0.8387096774193548,0.9047444444444444,0.8287500000000001,0.0040397332145136345,0.8813811583234182,0.010396609132878569,0.76,0.011055415967851336,0.8160847136695969,0.0047873436812335204,0.8926788194444445,0.0022891308044521983,423.4045443534851
ml-tfidf-uni_gram-processed,SGDClassifier,0.20759820938110352,0.8766666666666667,0.9154411764705882,0.83,0.8706293706293706,0.9464777777777778,0.875,0.020539595906443737,0.9113001252080195,0.021484728336111845,0.8308333333333333,0.022607766610417534,0.8691843478642527,0.021743311620852017,0.9411597222222223,0.005733399110033941,423.4045443534851
ml-tfidf-uni_gram-processed,RandomForestClassifier,61.450151205062866,0.8583333333333333,0.9317269076305221,0.7733333333333333,0.8451730418943533,0.9469555555555556,0.8533333333333333,0.012883020694783592,0.9074997058445347,0.018907626234406696,0.7875,0.027259045389660192,0.8428161463550718,0.015510106761282602,0.9364774305555554,0.005718543918738414,423.4045443534851
ml-tfidf-uni_gram-processed,GradientBoostingClassifier,181.05180740356445,0.8916666666666667,0.9718875502008032,0.8066666666666666,0.8816029143897995,0.9585222222222222,0.8708333333333333,0.00510310363079827,0.9401333242926995,0.024660462173804867,0.7933333333333333,0.02084999333866135,0.8599520013670878,0.005262773022284139,0.9426041666666667,0.007191887164150079,423.4045443534851
ml-tfidf-uni_gram-processed,MLPClassifier,150.89234042167664,0.88,0.9191176470588235,0.8333333333333334,0.8741258741258741,0.9498555555555556,0.8566666666666667,0.011516895800904384,0.8712999124665659,0.025319683850439652,0.8383333333333333,0.01715938356831167,0.8540763848802598,0.010098275339221545,0.9330104166666666,0.007831524675456456,423.4045443534851
