Modelo,Accuracy_mean,Precision_mean,Recall_mean,F1_mean,AUC_mean,Accuracy_std,Precision_std,Recall_std,F1_std,AUC_std,Tempo_total_seg,Vocab_size_combined
LogisticRegression,0.7913333333333334,0.7940343982962658,0.7873333333333334,0.7902354996235921,0.8785644444444444,0.017993826101687708,0.018787067677635414,0.03388870673903688,0.020527479851369056,0.0069189073568263655,3.5379467010498047,777
BernoulliNB,0.7313333333333334,0.7633947709877542,0.6706666666666667,0.7139577087926151,0.7908922222222222,0.013391539617733763,0.016284019585634288,0.01597219806761458,0.014487905492289928,0.014088822555048888,0.31650471687316895,777
MultinomialNB,0.734,0.760083403644839,0.6839999999999999,0.7200048368020806,0.8114922222222223,0.01515109090315134,0.01778935527249265,0.015405626677721792,0.01577921923774166,0.013246849427433139,0.14658117294311523,777
LinearSVC,0.7703333333333333,0.7705779261901918,0.7699999999999999,0.7698908318056833,0.8525533333333334,0.016911534525287795,0.01313924835343184,0.035839146815241626,0.020806480104434283,0.008322438507796258,3.7883710861206055,777
KNN,0.7636666666666666,0.7685896978038022,0.7546666666666667,0.7614298033067987,0.8346544444444446,0.006271629240742252,0.006193771323083065,0.017461067804945097,0.008592101839562088,0.0031297071215477504,0.6137681007385254,777
SGDClassifier,0.758,0.8036175310709812,0.7086666666666667,0.7406783527207292,0.8626244444444445,0.022020192753218322,0.07320776141786703,0.11735227119896553,0.049782814171277466,0.010651895791389351,0.7235071659088135,777
RandomForest,0.7656666666666666,0.769488778754843,0.7586666666666667,0.764031188018048,0.8458922222222223,0.010033277962194926,0.01123755066362358,0.008589399151150106,0.009656074997028273,0.01408183165344799,64.76268529891968,777
GradientBoosting,0.78,0.7810391917944488,0.7786666666666667,0.7796482236003636,0.8657511111111111,0.01712697677155352,0.01927641612827274,0.023532483459630375,0.01749470229814084,0.013226093924278096,1416.4928357601166,777
MLP,0.7873333333333333,0.7830801154155326,0.798,0.7885991689126346,0.8767288888888889,0.01515109090315134,0.02146722848179646,0.059799665550904206,0.023460028026271524,0.011631728850406612,8.150300025939941,777
